1,localhost,5000
2,localhost,5001
3,localhost,5002
4,localhost,5003
5,localhost,5004
6,localhost,5005
7,localhost,5006
8,localhost,5007
9,localhost,5008
10,localhost,5009
11,localhost,5010
12,localhost,5011
13,localhost,5012
14,localhost,5013
15,localhost,5014
16,localhost,5015
17,localhost,5016
18,localhost,5017
19,localhost,5018
20,localhost,5019
21,localhost,5020
22,localhost,5021
23,localhost,5022
24,localhost,5023
25,localhost,5024
26,localhost,5025
27,localhost,5026
28,localhost,5027
29,localhost,5028
30,localhost,5029
31,localhost,5030
32,localhost,5031
33,localhost,5032
34,localhost,5033
35,localhost,5034
36,localhost,5035
37,localhost,5036
38,localhost,5037
39,localhost,5038
40,localhost,5039
41,localhost,5040
42,localhost,5041
